{
  "applications": "*",
  "changelogDate": "20220929061036",
  "dto": "no",
  "embedded": false,
  "entityTableName": "approval_status",
  "fields": [
    {
      "fieldName": "name",
      "fieldType": "String",
      "fieldValidateRules": ["required"]
    }
  ],
  "fluentMethods": true,
  "jpaMetamodelFiltering": false,
  "name": "ApprovalStatus",
  "pagination": "no",
  "readOnly": false,
  "relationships": [
    {
      "otherEntityName": "biddingProposal",
      "otherEntityRelationshipName": "approvalStatus",
      "relationshipName": "biddingProposal",
      "relationshipType": "one-to-many"
    }
  ],
  "service": "serviceImpl"
}
