{
  "applications": "*",
  "changelogDate": "20220929061034",
  "dto": "no",
  "embedded": false,
  "entityTableName": "bidding_doc",
  "fields": [
    {
      "fieldName": "name",
      "fieldType": "String"
    },
    {
      "fieldName": "type",
      "fieldType": "Integer"
    },
    {
      "fieldName": "path",
      "fieldType": "String"
    },
    {
      "fieldName": "createdBy",
      "fieldType": "Long"
    },
    {
      "fieldName": "createdOn",
      "fieldType": "Instant"
    },
    {
      "fieldName": "modifiedBy",
      "fieldType": "Long"
    },
    {
      "fieldName": "modifiedOn",
      "fieldType": "Instant"
    },
    {
      "fieldName": "deletedBy",
      "fieldType": "Long"
    },
    {
      "fieldName": "deletedOn",
      "fieldType": "Instant"
    }
  ],
  "fluentMethods": true,
  "jpaMetamodelFiltering": false,
  "name": "BiddingDoc",
  "pagination": "pagination",
  "readOnly": false,
  "relationships": [
    {
      "otherEntityName": "biddingProposal",
      "otherEntityRelationshipName": "biddingDoc",
      "relationshipName": "proposal",
      "relationshipType": "many-to-one"
    }
  ],
  "service": "serviceImpl"
}
