{
  "applications": "*",
  "changelogDate": "20220929061033",
  "dto": "no",
  "embedded": false,
  "entityTableName": "bidding_proposal",
  "fields": [
    {
      "fieldName": "applicant",
      "fieldType": "String"
    },
    {
      "fieldName": "applicantDate",
      "fieldType": "Instant"
    },
    {
      "fieldName": "tnconsValue",
      "fieldType": "Long"
    },
    {
      "fieldName": "totalValue",
      "fieldType": "Long"
    },
    {
      "fieldName": "avgValue",
      "fieldType": "Long"
    },
    {
      "fieldName": "notes",
      "fieldType": "String"
    },
    {
      "fieldName": "createdBy",
      "fieldType": "Long"
    },
    {
      "fieldName": "createdOn",
      "fieldType": "Instant"
    },
    {
      "fieldName": "modifiedBy",
      "fieldType": "Long"
    },
    {
      "fieldName": "modifiedOn",
      "fieldType": "Instant"
    },
    {
      "fieldName": "deletedBy",
      "fieldType": "Long"
    },
    {
      "fieldName": "deletedOn",
      "fieldType": "Instant"
    }
  ],
  "fluentMethods": true,
  "jpaMetamodelFiltering": false,
  "name": "BiddingProposal",
  "pagination": "pagination",
  "readOnly": false,
  "relationships": [
    {
      "otherEntityName": "biddingDoc",
      "otherEntityRelationshipName": "proposal",
      "relationshipName": "biddingDoc",
      "relationshipType": "one-to-many"
    },
    {
      "otherEntityName": "contractor",
      "otherEntityRelationshipName": "biddingProposal",
      "relationshipName": "contractor",
      "relationshipType": "many-to-one"
    },
    {
      "otherEntityName": "biddingPck",
      "otherEntityRelationshipName": "biddingProposal",
      "relationshipName": "biddingPck",
      "relationshipType": "many-to-one"
    },
    {
      "otherEntityName": "project",
      "otherEntityRelationshipName": "biddingProposal",
      "relationshipName": "project",
      "relationshipType": "many-to-one"
    },
    {
      "otherEntityName": "proposalType",
      "otherEntityRelationshipName": "biddingProposal",
      "relationshipName": "type",
      "relationshipType": "many-to-one"
    },
    {
      "otherEntityName": "approvalStatus",
      "otherEntityRelationshipName": "biddingProposal",
      "relationshipName": "approvalStatus",
      "relationshipType": "many-to-one"
    },
    {
      "otherEntityName": "biddingStatus",
      "otherEntityRelationshipName": "biddingProposal",
      "relationshipName": "biddingStatus",
      "relationshipType": "many-to-one"
    }
  ],
  "service": "serviceImpl"
}
