{
  "applications": "*",
  "changelogDate": "20220929061031",
  "dto": "no",
  "embedded": false,
  "entityTableName": "bidding_pck",
  "fields": [
    {
      "fieldName": "name",
      "fieldType": "String",
      "fieldValidateRules": ["required"]
    },
    {
      "fieldName": "description",
      "fieldType": "String"
    },
    {
      "fieldName": "publishedDate",
      "fieldType": "Instant"
    },
    {
      "fieldName": "submissionEndDate",
      "fieldType": "Instant"
    },
    {
      "fieldName": "evalReportBy",
      "fieldType": "String"
    },
    {
      "fieldName": "evalReportDate",
      "fieldType": "Instant"
    },
    {
      "fieldName": "evalReportFile",
      "fieldType": "String"
    },
    {
      "fieldName": "winProposal",
      "fieldType": "Long"
    },
    {
      "fieldName": "totalValue",
      "fieldType": "Long"
    },
    {
      "fieldName": "avgValue",
      "fieldType": "Long"
    },
    {
      "fieldName": "createdBy",
      "fieldType": "Long"
    },
    {
      "fieldName": "createdOn",
      "fieldType": "Instant"
    },
    {
      "fieldName": "modifiedBy",
      "fieldType": "Long"
    },
    {
      "fieldName": "modifiedOn",
      "fieldType": "Instant"
    },
    {
      "fieldName": "deletedBy",
      "fieldType": "Long"
    },
    {
      "fieldName": "deletedOn",
      "fieldType": "Instant"
    }
  ],
  "fluentMethods": true,
  "javadoc": "Task entity.\\n@author The JHipster team.",
  "jpaMetamodelFiltering": false,
  "name": "BiddingPck",
  "pagination": "pagination",
  "readOnly": false,
  "relationships": [
    {
      "otherEntityName": "biddingProposal",
      "otherEntityRelationshipName": "biddingPck",
      "relationshipName": "biddingProposal",
      "relationshipType": "one-to-many"
    },
    {
      "otherEntityName": "biddingPckType",
      "otherEntityRelationshipName": "biddingPck",
      "relationshipName": "biddingPckType",
      "relationshipType": "many-to-one"
    },
    {
      "otherEntityName": "project",
      "otherEntityRelationshipName": "biddingPck",
      "relationshipName": "project",
      "relationshipType": "many-to-one"
    }
  ],
  "service": "serviceImpl"
}
