{
  "applications": "*",
  "changelogDate": "20220929061032",
  "dto": "no",
  "embedded": false,
  "entityTableName": "contractor",
  "fields": [
    {
      "fieldName": "name",
      "fieldType": "String",
      "fieldValidateRules": ["required"]
    },
    {
      "fieldName": "address",
      "fieldType": "String"
    },
    {
      "fieldName": "phone",
      "fieldType": "String"
    },
    {
      "fieldName": "internal",
      "fieldType": "Boolean"
    },
    {
      "fieldName": "createdBy",
      "fieldType": "Long"
    },
    {
      "fieldName": "createdOn",
      "fieldType": "Instant"
    },
    {
      "fieldName": "modifiedBy",
      "fieldType": "Long"
    },
    {
      "fieldName": "modifiedOn",
      "fieldType": "Instant"
    },
    {
      "fieldName": "deletedBy",
      "fieldType": "Long"
    },
    {
      "fieldName": "deletedOn",
      "fieldType": "Instant"
    }
  ],
  "fluentMethods": true,
  "javadoc": "The Employee entity.",
  "jpaMetamodelFiltering": false,
  "name": "Contractor",
  "pagination": "pagination",
  "readOnly": false,
  "relationships": [
    {
      "otherEntityName": "biddingProposal",
      "otherEntityRelationshipName": "contractor",
      "relationshipName": "biddingProposal",
      "relationshipType": "one-to-many"
    }
  ],
  "service": "serviceImpl"
}
