{
  "applications": "*",
  "changelogDate": "20220929061028",
  "dto": "no",
  "embedded": false,
  "entityTableName": "project_chain",
  "fields": [
    {
      "fieldName": "name",
      "fieldType": "String",
      "fieldValidateRules": ["required"]
    },
    {
      "fieldName": "createdBy",
      "fieldType": "Long"
    },
    {
      "fieldName": "createdOn",
      "fieldType": "Instant"
    },
    {
      "fieldName": "modifiedBy",
      "fieldType": "Long"
    },
    {
      "fieldName": "modifiedOn",
      "fieldType": "Instant"
    },
    {
      "fieldName": "deletedBy",
      "fieldType": "Long"
    },
    {
      "fieldName": "deletedOn",
      "fieldType": "Instant"
    }
  ],
  "fluentMethods": true,
  "jpaMetamodelFiltering": false,
  "name": "ProjectChain",
  "pagination": "pagination",
  "readOnly": false,
  "relationships": [
    {
      "otherEntityName": "project",
      "otherEntityRelationshipName": "projectChain",
      "relationshipName": "project",
      "relationshipType": "one-to-many"
    }
  ],
  "service": "serviceImpl"
}
