{
  "generator-jhipster": {
    "applicationType": "monolith",
    "authenticationType": "jwt",
    "baseName": "MEReport",
    "blueprints": [],
    "buildTool": "maven",
    "cacheProvider": "ehcache",
    "clientFramework": "angularX",
    "clientPackageManager": "npm",
    "clientTheme": "yeti",
    "clientThemeVariant": "light",
    "creationTimestamp": 1664425864842,
    "databaseType": "sql",
    "devDatabaseType": "h2Disk",
    "devServerPort": 4200,
    "dtoSuffix": "DTO",
    "enableGradleEnterprise": false,
    "enableHibernateCache": true,
    "enableTranslation": true,
    "entities": [
      "Location",
      "ProjectChain",
      "Project",
      "BiddingPckType",
      "BiddingPck",
      "Contractor",
      "BiddingProposal",
      "BiddingDoc",
      "ProposalType",
      "ApprovalStatus",
      "BiddingStatus"
    ],
    "entitySuffix": "",
    "jhiPrefix": "jhi",
    "jhipsterVersion": "7.9.3",
    "languages": ["vi", "en"],
    "lastLiquibaseTimestamp": 1664431837000,
    "microfrontend": false,
    "microfrontends": [],
    "nativeLanguage": "vi",
    "otherModules": [],
    "packageName": "com.mycompany.myapp",
    "pages": [],
    "prodDatabaseType": "postgresql",
    "reactive": false,
    "searchEngine": false,
    "serverPort": "8080",
    "serviceDiscoveryType": false,
    "skipCheckLengthOfIdentifier": false,
    "skipClient": false,
    "skipFakeData": false,
    "skipServer": true,
    "skipUserManagement": false,
    "testFrameworks": [],
    "websocket": false,
    "withAdminUi": true
  }
}
